[
  {
    "order": 1,
    "name": "The North Pole",
    "lng": 135.0000,
    "lat": 90
  },
  {
    "order": 2,
    "name": "Nuku'alofa, Tonga",
    "lng": -175.2,
    "lat": -21.13333333
  },
  {
    "order": 3,
    "name": "Suva, Fiji",
    "lng": 178.4416667,
    "lat": -18.14138889
  },
  {
    "order": 4,
    "name": "Auckland, New Zealand",
    "lng": 174.7633315,
    "lat": -36.8484597
  },
  {
    "order": 5,
    "name": "Wellington, New Zealand",
    "lng": 174.776236,
    "lat": -41.2864603
  },
  {
    "order": 6,
    "name": "Christchurch, New Zealand",
    "lng": 172.633333,
    "lat": -43.533333
  },
  {
    "order": 7,
    "name": "Nouméa, New Caledonia",
    "lng": 166.45,
    "lat": -22.2666667
  },
  {
    "order": 8,
    "name": "Port Vila, Vanuatu",
    "lng": 168.3216667,
    "lat": -17.73555556
  },
  {
    "order": 9,
    "name": "Honiara, Solomon Islands",
    "lng": 159.95,
    "lat": -9.4333333
  },
  {
    "order": 10,
    "name": "Petropavlovsk-Kamchatsky, Russia",
    "lng": 158.65,
    "lat": 53.0166667
  },
  {
    "order": 11,
    "name": "Hobart, Tasmania",
    "lng": 147.333333,
    "lat": -42.916667
  },
  {
    "order": 12,
    "name": "Melbourne, Australia",
    "lng": 144.966667,
    "lat": -37.816667
  },
  {
    "order": 13,
    "name": "Sydney, Australia",
    "lng": 151.2166667,
    "lat": -33.88305556
  },
  {
    "order": 14,
    "name": "Brisbane, Australia",
    "lng": 153.016667,
    "lat": -27.5
  },
  {
    "order": 15,
    "name": "Townsville, Australia",
    "lng": 146.8,
    "lat": -19.25
  },
  {
    "order": 16,
    "name": "Port Moresby, Papua New Guinea",
    "lng": 147.1925,
    "lat": -9.4647222
  },
  {
    "order": 17,
    "name": "Darwin, Australia",
    "lng": 130.8425,
    "lat": -12.46555556
  },
  {
    "order": 18,
    "name": "Alice Springs, Australia",
    "lng": 133.883333,
    "lat": -23.7
  },
  {
    "order": 19,
    "name": "Perth, Australia",
    "lng": 115.833333,
    "lat": -31.933333
  },
  {
    "order": 20,
    "name": "Surabaya, Indonesia",
    "lng": 112.7508333,
    "lat": -7.2491667
  },
  {
    "order": 21,
    "name": "Jakarta, Indonesia",
    "lng": 106.8294444,
    "lat": -6.1744444
  },
  {
    "order": 22,
    "name": "Padang, Indonesia",
    "lng": 100.35,
    "lat": -0.95
  },
  {
    "order": 23,
    "name": "Medan, Indonesia",
    "lng": 98.6666667,
    "lat": 3.5833333
  },
  {
    "order": 24,
    "name": "Manila, Indonesia",
    "lng": 114.8514968,
    "lat": -3.4544686
  },
  {
    "order": 25,
    "name": "New Taipei, Taiwan",
    "lng": 121.6155556,
    "lat": 24.92111111
  },
  {
    "order": 26,
    "name": "Nagasaki, Japan",
    "lng": 129.8683333,
    "lat": 32.755
  },
  {
    "order": 27,
    "name": "Hiroshima, Japan",
    "lng": 132.45,
    "lat": 34.4
  },
  {
    "order": 28,
    "name": "Osaka, Japan",
    "lng": 135.5,
    "lat": 34.6666667
  },
  {
    "order": 29,
    "name": "Tokyo, Japan",
    "lng": 139.7513889,
    "lat": 35.685
  },
  {
    "order": 30,
    "name": "Sapporo, Japan",
    "lng": 141.3538889,
    "lat": 43.0547222
  },
  {
    "order": 31,
    "name": "Magadan, Russia",
    "lng": 150.8,
    "lat": 59.5666667
  },
  {
    "order": 32,
    "name": "Seoul, South Korea",
    "lng": 126.9788889,
    "lat": 37.56583333
  },
  {
    "order": 33,
    "name": "Pyongyang, North Korea",
    "lng": 125.7380556,
    "lat": 39.01944444
  },
  {
    "order": 34,
    "name": "Shenyang, China",
    "lng": 123.4327778,
    "lat": 41.7922222
  },
  {
    "order": 35,
    "name": "Beijing, China",
    "lng": 116.38833,
    "lat": 39.92889
  },
  {
    "order": 36,
    "name": "Chita, Russia",
    "lng": 113.55,
    "lat": 52.0333333
  },
  {
    "order": 37,
    "name": "Yakutsk, Russia",
    "lng": 129.7333333,
    "lat": 62.03333333
  },
  {
    "order": 38,
    "name": "Irkutsk, Russia",
    "lng": 104.3333333,
    "lat": 52.2666667
  },
  {
    "order": 39,
    "name": "Ulan Bator, Mongolia",
    "lng": 106.9166667,
    "lat": 47.9166667
  },
  {
    "order": 40,
    "name": "Xi'an, China",
    "lng": 108.9377778,
    "lat": 34.2622222
  },
  {
    "order": 41,
    "name": "Shenzhen, China",
    "lng": 114.1333333,
    "lat": 22.5333333
  },
  {
    "order": 42,
    "name": "Hanoi, Vietnam",
    "lng": 105.85,
    "lat": 21.0333333
  },
  {
    "order": 43,
    "name": "Ho Chi Minh CIty, Vietnam",
    "lng": 106.6666667,
    "lat": 10.75
  },
  {
    "order": 44,
    "name": "Phnom Penh, Cambodia",
    "lng": 104.9166667,
    "lat": 11.55
  },
  {
    "order": 45,
    "name": "Bangkok, Thailand",
    "lng": 100.516667,
    "lat": 13.75
  },
  {
    "order": 46,
    "name": "Vientiane, Laos",
    "lng": 102.6,
    "lat": 17.966667
  },
  {
    "order": 47,
    "name": "Naypyidaw, Myanmar",
    "lng": 96.1,
    "lat": 19.75
  },
  {
    "order": 48,
    "name": "Chengdu, China",
    "lng": 104.0666667,
    "lat": 30.6666667
  },
  {
    "order": 49,
    "name": "Jiayuguan, China",
    "lng": 98.3,
    "lat": 39.8166667
  },
  {
    "order": 50,
    "name": "Hami, China",
    "lng": 93.45,
    "lat": 42.8
  },
  {
    "order": 51,
    "name": "Bratsk, Russia",
    "lng": 101.6141667,
    "lat": 56.1325
  },
  {
    "order": 52,
    "name": "Krasnoyarsk, Russia",
    "lng": 92.7916667,
    "lat": 56.0097222
  },
  {
    "order": 53,
    "name": "Novosibirsk, Russia",
    "lng": 82.9344444,
    "lat": 55.0411111
  },
  {
    "order": 54,
    "name": "Hotan, China",
    "lng": 80.01666667,
    "lat": 37.1
  },
  {
    "order": 55,
    "name": "Thimphu, Bhutan",
    "lng": 89.64166667,
    "lat": 27.46666667
  },
  {
    "order": 56,
    "name": "Dibrugarh, India",
    "lng": 94.902778,
    "lat": 27.481667
  },
  {
    "order": 57,
    "name": "Dhaka, Bangladesh",
    "lng": 90.4086111,
    "lat": 23.7230556
  },
  {
    "order": 58,
    "name": "Kathmandu, Nepal",
    "lng": 85.3166667,
    "lat": 27.7166667
  },
  {
    "order": 59,
    "name": "New Delhi, India",
    "lng": 77.2,
    "lat": 28.6
  },
  {
    "order": 60,
    "name": "Colombo, Sri Lanka",
    "lng": 79.8477778,
    "lat": 6.9319444
  },
  {
    "order": 61,
    "name": "Islamabad, Pakistan",
    "lng": 73.06666667,
    "lat": 33.71666667
  },
  {
    "order": 62,
    "name": "Kabul, Afghanistan",
    "lng": 69.1833333,
    "lat": 34.5166667
  },
  {
    "order": 63,
    "name": "Dushanbe, Tajikistan",
    "lng": 68.7738889,
    "lat": 38.56
  },
  {
    "order": 64,
    "name": "Bishkek, Kyrgyzstan",
    "lng": 74.61222222,
    "lat": 42.87472222
  },
  {
    "order": 65,
    "name": "Astana, Kazakhstan",
    "lng": 71.4277778,
    "lat": 51.1811111
  },
  {
    "order": 66,
    "name": "Perm, Russia",
    "lng": 56.25,
    "lat": 58
  },
  {
    "order": 67,
    "name": "Atyrau, Kazakhstan",
    "lng": 51.8833333,
    "lat": 47.1166667
  },
  {
    "order": 68,
    "name": "Samarkand, Uzbekistan",
    "lng": 66.9597222,
    "lat": 39.6541667
  },
  {
    "order": 69,
    "name": "Ashgabat, Turkmenistan",
    "lng": 58.3833333,
    "lat": 37.95
  },
  {
    "order": 70,
    "name": "Tehran, Iran",
    "lng": 51.42305556,
    "lat": 35.69611111
  },
  {
    "order": 71,
    "name": "Baku, Azerbaijan",
    "lng": 49.8822222,
    "lat": 40.3952778
  },
  {
    "order": 72,
    "name": "Yerevan, Armenia",
    "lng": 44.5136111,
    "lat": 40.1811111
  },
  {
    "order": 73,
    "name": "Tbilisi, Georgia",
    "lng": 44.7908333,
    "lat": 41.725
  },
  {
    "order": 74,
    "name": "Moscow, Russia",
    "lng": 37.6155556,
    "lat": 55.7522222
  },
  {
    "order": 75,
    "name": "Kyiv, Ukraine",
    "lng": 30.52,
    "lat": 50.43
  },
  {
    "order": 76,
    "name": "Ankara, Turkey",
    "lng": 32.8644444,
    "lat": 39.9272222
  },
  {
    "order": 77,
    "name": "Damascus, Syria",
    "lng": 36.3,
    "lat": 33.5
  },
  {
    "order": 78,
    "name": "Beirut, Lebanon",
    "lng": 35.5097222,
    "lat": 33.8719444
  },
  {
    "order": 79,
    "name": "Amman, Jordan",
    "lng": 35.93333333,
    "lat": 31.93333333
  },
  {
    "order": 80,
    "name": "Baghdad, Iraq",
    "lng": 44.3938889,
    "lat": 33.3386111
  },
  {
    "order": 81,
    "name": "Kuwait City, Kuwait",
    "lng": 47.97833333,
    "lat": 29.36972222
  },
  {
    "order": 82,
    "name": "Manama, Bahrain",
    "lng": 50.5830556,
    "lat": 26.2361111
  },
  {
    "order": 83,
    "name": "Doha, Qatar",
    "lng": 51.5333333,
    "lat": 25.2866667
  },
  {
    "order": 84,
    "name": "Muscat, Oman",
    "lng": 58.5933333,
    "lat": 23.6133333
  },
  {
    "order": 85,
    "name": "Riyadh, Saudi Arabia",
    "lng": 46.7727778,
    "lat": 24.6408333
  },
  {
    "order": 86,
    "name": "Sana'a, Yemen",
    "lng": 44.20638889,
    "lat": 15.34833333
  },
  {
    "order": 87,
    "name": "Asmara, Eritrea",
    "lng": 38.9333333,
    "lat": 15.3333333
  },
  {
    "order": 88,
    "name": "Addis Ababa, Ethiopia",
    "lng": 38.74,
    "lat": 9.03
  },
  {
    "order": 89,
    "name": "Mogadishu, Somalia",
    "lng": 45.3666667,
    "lat": 2.0666667
  },
  {
    "order": 90,
    "name": "Nairobi, Kenya",
    "lng": 36.8166667,
    "lat": -1.2833333
  },
  {
    "order": 91,
    "name": "Dodoma, Tanzania",
    "lng": 35.75,
    "lat": -6.1833333
  },
  {
    "order": 92,
    "name": "Maputo, Mozambique",
    "lng": 32.5891667,
    "lat": -25.9652778
  },
  {
    "order": 93,
    "name": "Antananarivo, Madagascar",
    "lng": 47.5166667,
    "lat": -18.9166667
  },
  {
    "order": 94,
    "name": "Pretoria, South Africa",
    "lng": 28.2294444,
    "lat": -25.7069444
  },
  {
    "order": 95,
    "name": "Maseru, Lesotho",
    "lng": 27.4833333,
    "lat": -29.3166667
  },
  {
    "order": 96,
    "name": "Windhoek, Namibia",
    "lng": 17.0836111,
    "lat": -22.57
  },
  {
    "order": 97,
    "name": "Gaborone, Botswana",
    "lng": 25.9119444,
    "lat": -24.6463889
  },
  {
    "order": 98,
    "name": "Harare, Zimbabwe",
    "lng": 31.0447222,
    "lat": -17.8177778
  },
  {
    "order": 99,
    "name": "Lusaka, Zambia",
    "lng": 28.2833333,
    "lat": -15.4166667
  },
  {
    "order": 100,
    "name": "Luanda, Angola",
    "lng": 13.2344444,
    "lat": -8.8383333
  },
  {
    "order": 101,
    "name": "Kindu, Democratic Republic of Congo",
    "lng": 25.95,
    "lat": -2.95
  },
  {
    "order": 102,
    "name": "Bujumbura, Burundi",
    "lng": 29.36,
    "lat": -3.3761111
  },
  {
    "order": 103,
    "name": "Kigali, Rwanda",
    "lng": 30.0605556,
    "lat": -1.9536111
  },
  {
    "order": 104,
    "name": "Kampala, Uganda",
    "lng": 32.5655556,
    "lat": 0.3155556
  },
  {
    "order": 105,
    "name": "Juba, South Sudan",
    "lng": 31.6,
    "lat": 4.85
  },
  {
    "order": 106,
    "name": "Khartoum, Sudan",
    "lng": 32.5341667,
    "lat": 15.5880556
  },
  {
    "order": 107,
    "name": "Bangui, Central African Republic",
    "lng": 18.5833333,
    "lat": 4.3666667
  },
  {
    "order": 108,
    "name": "Libreville, Gabon",
    "lng": 9.45,
    "lat": 0.3833333
  },
  {
    "order": 109,
    "name": "Yaounde, Cameroon",
    "lng": 11.5166667,
    "lat": 3.8666667
  },
  {
    "order": 110,
    "name": "N'Djamena, Chad",
    "lng": 15.05027778,
    "lat": 12.11111111
  },
  {
    "order": 111,
    "name": "Cairo, Egypt",
    "lng": 31.25,
    "lat": 30.05
  },
  {
    "order": 112,
    "name": "Tripoli, Libya",
    "lng": 13.18,
    "lat": 32.8925
  },
  {
    "order": 113,
    "name": "Niamey, Niger",
    "lng": 2.105277778,
    "lat": 13.52138889
  },
  {
    "order": 114,
    "name": "Abuja, Nigeria",
    "lng": 7.1808333,
    "lat": 9.1758333
  },
  {
    "order": 115,
    "name": "Lomé, Togo",
    "lng": 1.2125,
    "lat": 6.137777778
  },
  {
    "order": 116,
    "name": "Ouagadougou, Burkina Faso",
    "lng": -1.5247222,
    "lat": 12.3702778
  },
  {
    "order": 117,
    "name": "Yamoussoukro, Ivory Coast",
    "lng": -5.283333,
    "lat": 6.816667
  },
  {
    "order": 118,
    "name": "Monrovia, Liberia",
    "lng": -10.8047222,
    "lat": 6.3105556
  },
  {
    "order": 119,
    "name": "Freetown, Sierra Leone",
    "lng": -13.2341667,
    "lat": 8.49
  },
  {
    "order": 120,
    "name": "Conakry, Guinea",
    "lng": -13.7122222,
    "lat": 9.5091667
  },
  {
    "order": 121,
    "name": "Bamako, Mali",
    "lng": -8,
    "lat": 12.65
  },
  {
    "order": 122,
    "name": "Dakar, Senegal",
    "lng": -17.4380556,
    "lat": 14.6708333
  },
  {
    "order": 123,
    "name": "Nouakchott, Mauritania",
    "lng": -15.9752778,
    "lat": 18.0863889
  },
  {
    "order": 124,
    "name": "Bou Craa, Western Sahara",
    "lng": -12.84972222,
    "lat": 26.32277778
  },
  {
    "order": 125,
    "name": "Rabat, Morocco",
    "lng": -6.8361111,
    "lat": 34.0252778
  },
  {
    "order": 126,
    "name": "Algiers, Algeria",
    "lng": 3.0505556,
    "lat": 36.7630556
  },
  {
    "order": 127,
    "name": "Tunis, Tunisia",
    "lng": 10.1797222,
    "lat": 36.8027778
  },
  {
    "order": 128,
    "name": "Sassari, Majorca",
    "lng": 8.5602778,
    "lat": 40.7272222
  },
  {
    "order": 129,
    "name": "Rome, Italy",
    "lng": 12.4833333,
    "lat": 41.9
  },
  {
    "order": 130,
    "name": "Athens, Greece",
    "lng": 23.7333333,
    "lat": 37.9833333
  },
  {
    "order": 131,
    "name": "Tirana, Albania",
    "lng": 19.8188889,
    "lat": 41.3275
  },
  {
    "order": 132,
    "name": "Skopje, Macedonia",
    "lng": 21.4333333,
    "lat": 42
  },
  {
    "order": 133,
    "name": "Podgorica, Montenegro",
    "lng": 19.263611,
    "lat": 42.441111
  },
  {
    "order": 134,
    "name": "Belgrade, Serbia",
    "lng": 20.468056,
    "lat": 44.818611
  },
  {
    "order": 135,
    "name": "Bucharest, Romania",
    "lng": 26.1,
    "lat": 44.4333333
  },
  {
    "order": 136,
    "name": "Budapest, Hungary",
    "lng": 19.0833333,
    "lat": 47.5
  },
  {
    "order": 137,
    "name": "Sarajevo, Bosnia and Herzegovina",
    "lng": 18.3833333,
    "lat": 43.85
  },
  {
    "order": 138,
    "name": "Zagreb, Croatia",
    "lng": 16,
    "lat": 45.8
  },
  {
    "order": 139,
    "name": "Vienna, Austria",
    "lng": 16.3666667,
    "lat": 48.2
  },
  {
    "order": 140,
    "name": "Bratislava, Slovakia",
    "lng": 17.1166667,
    "lat": 48.15
  },
  {
    "order": 141,
    "name": "Prague, Czech Republic",
    "lng": 14.4666667,
    "lat": 50.0833333
  },
  {
    "order": 142,
    "name": "Warsaw, Poland",
    "lng": 21,
    "lat": 52.25
  },
  {
    "order": 143,
    "name": "Minsk, Belarus",
    "lng": 27.5666667,
    "lat": 53.9
  },
  {
    "order": 144,
    "name": "Vilnius, Lithuania",
    "lng": 25.3166667,
    "lat": 54.6833333
  },
  {
    "order": 145,
    "name": "Riga, Latvia",
    "lng": 24.1,
    "lat": 56.95
  },
  {
    "order": 146,
    "name": "Tallinn, Estonia",
    "lng": 24.7280556,
    "lat": 59.4338889
  },
  {
    "order": 147,
    "name": "Helsinki, Finland",
    "lng": 24.9341667,
    "lat": 60.1755556
  },
  {
    "order": 148,
    "name": "Oulu, Finland",
    "lng": 25.4666667,
    "lat": 65.0166667
  },
  {
    "order": 149,
    "name": "Tromso, Norway",
    "lng": 18.966667,
    "lat": 69.666667
  },
  {
    "order": 150,
    "name": "Umea, Sweden",
    "lng": 20.25,
    "lat": 63.8333333
  },
  {
    "order": 151,
    "name": "Oslo, Norway",
    "lng": 10.75,
    "lat": 59.916667
  },
  {
    "order": 152,
    "name": "Stockholm, Sweden",
    "lng": 18.05,
    "lat": 59.3333333
  },
  {
    "order": 153,
    "name": "Copenhagen, Denmark",
    "lng": 12.5833333,
    "lat": 55.6666667
  },
  {
    "order": 154,
    "name": "Berlin, Germany",
    "lng": 13.4,
    "lat": 52.5166667
  },
  {
    "order": 155,
    "name": "Amsterdam, The Netherlands",
    "lng": 4.9166667,
    "lat": 52.35
  },
  {
    "order": 156,
    "name": "Brussels, Belgium",
    "lng": 4.333333,
    "lat": 50.833333
  },
  {
    "order": 157,
    "name": "Stuttgart, Germany",
    "lng": 9.1833333,
    "lat": 48.7666667
  },
  {
    "order": 158,
    "name": "Luxembourg, Luxembourg",
    "lng": 6.13,
    "lat": 49.61166667
  },
  {
    "order": 159,
    "name": "Zurich, Switzerland",
    "lng": 8.55,
    "lat": 47.3666667
  },
  {
    "order": 160,
    "name": "Milan, Italy",
    "lng": 9.2,
    "lat": 45.4666667
  },
  {
    "order": 161,
    "name": "Paris, France",
    "lng": 2.333333,
    "lat": 48.866667
  },
  {
    "order": 162,
    "name": "London, United Kingdom",
    "lng": -0.116667,
    "lat": 51.5
  },
  {
    "order": 163,
    "name": "Manchester, United Kingdom",
    "lng": -2.216667,
    "lat": 53.5
  },
  {
    "order": 164,
    "name": "Glasgow, Scotland",
    "lng": -4.249166667,
    "lat": 55.86305556
  },
  {
    "order": 165,
    "name": "Belfast, Northern Ireland",
    "lng": -5.933333,
    "lat": 54.583333
  },
  {
    "order": 166,
    "name": "Dublin, Ireland",
    "lng": -6.2488889,
    "lat": 53.3330556
  },
  {
    "order": 167,
    "name": "Bordeaux, France",
    "lng": -0.566667,
    "lat": 44.833333
  },
  {
    "order": 168,
    "name": "Madrid, Spain",
    "lng": -3.6833333,
    "lat": 40.4
  },
  {
    "order": 169,
    "name": "Lisbon, Portugal",
    "lng": -9.1333333,
    "lat": 38.7166667
  },
  {
    "order": 170,
    "name": "Reykjavik, Iceland",
    "lng": -21.95,
    "lat": 64.15
  },
  {
    "order": 171,
    "name": "Nuuk, Greenland",
    "lng": -51.75,
    "lat": 64.1833333
  },
  {
    "order": 172,
    "name": "St. John's, Newfoundland",
    "lng": -52.70722222,
    "lat": 47.5675
  },
  {
    "order": 173,
    "name": "Bathurst, New Brunswick",
    "lng": -65.65,
    "lat": 47.6
  },
  {
    "order": 174,
    "name": "Halifax, Nova Scotia",
    "lng": -63.6,
    "lat": 44.65
  },
  {
    "order": 175,
    "name": "Stanley, Falkland Islands",
    "lng": -57.85888889,
    "lat": -51.69222222
  },
  {
    "order": 176,
    "name": "Punta Arenas, Chile",
    "lng": -70.9166667,
    "lat": -53.15
  },
  {
    "order": 177,
    "name": "Puerto Deseado, Argentina",
    "lng": -65.88805556,
    "lat": -47.74888889
  },
  {
    "order": 178,
    "name": "Valdivia, Chile",
    "lng": -73.2333333,
    "lat": -39.8
  },
  {
    "order": 179,
    "name": "Santiago, Chile",
    "lng": -70.6666667,
    "lat": -33.45
  },
  {
    "order": 180,
    "name": "Buenos Aires, Argentina",
    "lng": -58.38166667,
    "lat": -34.60333333
  },
  {
    "order": 181,
    "name": "Montevideo, Uruguay",
    "lng": -56.1708333,
    "lat": -34.8580556
  },
  {
    "order": 182,
    "name": "Asunción, Paraguay",
    "lng": -57.6666667,
    "lat": -25.2666667
  },
  {
    "order": 183,
    "name": "Sucre, Bolivia",
    "lng": -65.2625,
    "lat": -19.03388889
  },
  {
    "order": 184,
    "name": "Rio de Janeiro, Brazil",
    "lng": -43.2333333,
    "lat": -22.9
  },
  {
    "order": 185,
    "name": "Caxias, Brazil",
    "lng": -43.35,
    "lat": -4.8333333
  },
  {
    "order": 186,
    "name": "Manaus, Brazil",
    "lng": -60.0252778,
    "lat": -3.1133333
  },
  {
    "order": 187,
    "name": "Lima, Peru",
    "lng": -77.05,
    "lat": -12.05
  },
  {
    "order": 188,
    "name": "Piura, Peru",
    "lng": -80.6333333,
    "lat": -5.2
  },
  {
    "order": 189,
    "name": "Quito, Ecuador",
    "lng": -78.5,
    "lat": -0.2166667
  },
  {
    "order": 190,
    "name": "Bogota, Colombia",
    "lng": -74.0833333,
    "lat": 4.6
  },
  {
    "order": 191,
    "name": "Caracas, Venezuela",
    "lng": -66.9166667,
    "lat": 10.5
  },
  {
    "order": 192,
    "name": "Georgetown, Guyana",
    "lng": -58.1666667,
    "lat": 6.8
  },
  {
    "order": 193,
    "name": "Paramaribo, Suriname",
    "lng": -55.1666667,
    "lat": 5.8333333
  },
  {
    "order": 194,
    "name": "Cayenne, French Guiana",
    "lng": -52.3333333,
    "lat": 4.9333333
  },
  {
    "order": 195,
    "name": "Bridgetown, Barbados",
    "lng": -59.6166667,
    "lat": 13.1
  },
  {
    "order": 196,
    "name": "Roseau, Dominica",
    "lng": -61.4,
    "lat": 15.3
  },
  {
    "order": 197,
    "name": "San Juan, Puerto Rico",
    "lng": -66.1061111,
    "lat": 18.4683333
  },
  {
    "order": 198,
    "name": "Santo Domingo, Dominican Republic",
    "lng": -69.98333333,
    "lat": 18.5
  },
  {
    "order": 199,
    "name": "Port-au-Prince, Haiti",
    "lng": -72.335,
    "lat": 18.5391667
  },
  {
    "order": 200,
    "name": "Kingston, Jamaica",
    "lng": -76.8,
    "lat": 18
  },
  {
    "order": 201,
    "name": "George Town, Cayman Islands",
    "lng": -81.38194444,
    "lat": 19.29972222
  },
  {
    "order": 202,
    "name": "Santiago de Cuba, Cuba",
    "lng": -75.8219444,
    "lat": 20.0247222
  },
  {
    "order": 203,
    "name": "Havana, Cuba",
    "lng": -82.38333333,
    "lat": 23.13333333
  },
  {
    "order": 204,
    "name": "Panama City, Panama",
    "lng": -79.51666667,
    "lat": 8.983333333
  },
  {
    "order": 205,
    "name": "San Jose, Costa Rica",
    "lng": -84.08305556,
    "lat": 9.933055556
  },
  {
    "order": 206,
    "name": "Managua, Nicaragua",
    "lng": -86.2683333,
    "lat": 12.1508333
  },
  {
    "order": 207,
    "name": "Tegucigalpa, Honduras",
    "lng": -87.2166667,
    "lat": 14.1
  },
  {
    "order": 208,
    "name": "San Salvador, El Salvadaor",
    "lng": -89.2030556,
    "lat": 13.7086111
  },
  {
    "order": 209,
    "name": "Guatemala City, Guatemala",
    "lng": -90.5269444,
    "lat": 14.6211111
  },
  {
    "order": 210,
    "name": "Belmopan, Belize",
    "lng": -88.7666667,
    "lat": 17.25
  },
  {
    "order": 211,
    "name": "Villahermosa, Mexico",
    "lng": -92.916667,
    "lat": 17.983333
  },
  {
    "order": 212,
    "name": "Nassau, Bahamas",
    "lng": -77.35,
    "lat": 25.0833333
  },
  {
    "order": 213,
    "name": "Miami, Florida",
    "lng": -80.1938889,
    "lat": 25.7738889
  },
  {
    "order": 214,
    "name": "Orlando, Florida",
    "lng": -81.3794444,
    "lat": 28.5380556
  },
  {
    "order": 215,
    "name": "Tallahassee, Florida",
    "lng": -84.2808333,
    "lat": 30.4380556
  },
  {
    "order": 216,
    "name": "Savannah, Georgia",
    "lng": -81.1,
    "lat": 32.0833333
  },
  {
    "order": 217,
    "name": "Atlanta, Georgia",
    "lng": -84.3880556,
    "lat": 33.7488889
  },
  {
    "order": 218,
    "name": "Columbia, South Carolina",
    "lng": -81.035,
    "lat": 34.0005556
  },
  {
    "order": 219,
    "name": "Charlotte, North Caolina",
    "lng": -80.8433333,
    "lat": 35.2269444
  },
  {
    "order": 220,
    "name": "Richmond, Virginia",
    "lng": -77.4605556,
    "lat": 37.5536111
  },
  {
    "order": 221,
    "name": "Washington, District of Columbia",
    "lng": -77.0366667,
    "lat": 38.895
  },
  {
    "order": 222,
    "name": "Baltimore, Maryland",
    "lng": -76.6125,
    "lat": 39.2902778
  },
  {
    "order": 223,
    "name": "Dover, Delaware",
    "lng": -75.5247222,
    "lat": 39.1580556
  },
  {
    "order": 224,
    "name": "Philadelphia, Pennsylvania",
    "lng": -75.1641667,
    "lat": 39.9522222
  },
  {
    "order": 225,
    "name": "Trenton, New Jersey",
    "lng": -74.7433333,
    "lat": 40.2169444
  },
  {
    "order": 226,
    "name": "New York, New York",
    "lng": -74.0063889,
    "lat": 40.7141667
  },
  {
    "order": 227,
    "name": "Hartford, Conneticut",
    "lng": -72.6855556,
    "lat": 41.7636111
  },
  {
    "order": 228,
    "name": "Providence, Rhode Island",
    "lng": -71.4133333,
    "lat": 41.8238889
  },
  {
    "order": 229,
    "name": "Boston, Massachusetts",
    "lng": -71.0602778,
    "lat": 42.3583333
  },
  {
    "order": 230,
    "name": "Concord, New Hampshire",
    "lng": -71.5380556,
    "lat": 43.2080556
  },
  {
    "order": 231,
    "name": "Augusta, Maine",
    "lng": -69.78,
    "lat": 44.3105556
  },
  {
    "order": 232,
    "name": "Montreal, Quebec",
    "lng": -73.583333,
    "lat": 45.5
  },
  {
    "order": 233,
    "name": "North Bay, Ontario",
    "lng": -79.45,
    "lat": 46.3
  },
  {
    "order": 234,
    "name": "Toronto, Ontario",
    "lng": -79.416667,
    "lat": 43.666667
  },
  {
    "order": 235,
    "name": "Syracuse, New York",
    "lng": -76.1477778,
    "lat": 43.0480556
  },
  {
    "order": 236,
    "name": "Pittsburgh, Pennsylvania",
    "lng": -79.9961111,
    "lat": 40.4405556
  },
  {
    "order": 237,
    "name": "Cleveland, Ohio",
    "lng": -81.6955556,
    "lat": 41.4994444
  },
  {
    "order": 238,
    "name": "Detroit, Michigan",
    "lng": -83.0458333,
    "lat": 42.3313889
  },
  {
    "order": 239,
    "name": "Traverse City, Michigan",
    "lng": -85.6205556,
    "lat": 44.7630556
  },
  {
    "order": 240,
    "name": "Green Bay, Wisconsin",
    "lng": -88.0197222,
    "lat": 44.5191667
  },
  {
    "order": 241,
    "name": "Milwaukee, Wisconsin",
    "lng": -87.9063889,
    "lat": 43.0388889
  },
  {
    "order": 242,
    "name": "Chicago, Illinois",
    "lng": -87.6297982,
    "lat": 41.8781136
  },
  {
    "order": 243,
    "name": "Indianapolois, Indiana",
    "lng": -86.1580556,
    "lat": 39.7683333
  },
  {
    "order": 244,
    "name": "Cincinnati, Ohio",
    "lng": -84.4569444,
    "lat": 39.1619444
  },
  {
    "order": 245,
    "name": "Lexington, Kentucky",
    "lng": -84.4777153,
    "lat": 37.9886892
  },
  {
    "order": 246,
    "name": "Nashville, Tennessee",
    "lng": -86.7844444,
    "lat": 36.1658333
  },
  {
    "order": 247,
    "name": "Montgomery, Alabama",
    "lng": -86.3,
    "lat": 32.3666667
  },
  {
    "order": 248,
    "name": "Jackson, Mississippi",
    "lng": -90.1847222,
    "lat": 32.2986111
  },
  {
    "order": 249,
    "name": "New Orleans, Louisiana",
    "lng": -90.075,
    "lat": 29.9544444
  },
  {
    "order": 250,
    "name": "Shreveport, Louisiana",
    "lng": -93.75,
    "lat": 32.525
  },
  {
    "order": 251,
    "name": "Austin, Texas",
    "lng": -97.7427778,
    "lat": 30.2669444
  },
  {
    "order": 252,
    "name": "Monterrey, Mexico",
    "lng": -100.316667,
    "lat": 25.666667
  },
  {
    "order": 253,
    "name": "Tampico, Mexico",
    "lng": -97.85,
    "lat": 22.216667
  },
  {
    "order": 254,
    "name": "Mexico City, Mexico",
    "lng": -99.138611,
    "lat": 19.434167
  },
  {
    "order": 255,
    "name": "Mazatlán, Mexico",
    "lng": -106.416667,
    "lat": 23.216667
  },
  {
    "order": 256,
    "name": "Chihuahua, Mexico",
    "lng": -106.083333,
    "lat": 28.633333
  },
  {
    "order": 257,
    "name": "El Paso, Texas",
    "lng": -106.4863889,
    "lat": 31.7586111
  },
  {
    "order": 258,
    "name": "Lubbock, Texas",
    "lng": -101.8547222,
    "lat": 33.5777778
  },
  {
    "order": 259,
    "name": "Dallas, Texas",
    "lng": -96.8,
    "lat": 32.7833333
  },
  {
    "order": 260,
    "name": "Oklahoma City, Oklahoma",
    "lng": -97.5161111,
    "lat": 35.4675
  },
  {
    "order": 261,
    "name": "Little Rock, Arkansas",
    "lng": -92.2894444,
    "lat": 34.7463889
  },
  {
    "order": 262,
    "name": "Springfield, Missouri",
    "lng": -93.2980556,
    "lat": 37.2152778
  },
  {
    "order": 263,
    "name": "Wichita, Kansas",
    "lng": -97.3372222,
    "lat": 37.6922222
  },
  {
    "order": 264,
    "name": "Kansas City, Missouri",
    "lng": -94.5783333,
    "lat": 39.0997222
  },
  {
    "order": 265,
    "name": "St. Louis, Missouri",
    "lng": -90.1977778,
    "lat": 38.6272222
  },
  {
    "order": 266,
    "name": "Des Moines, Iowa",
    "lng": -93.6088889,
    "lat": 41.6005556
  },
  {
    "order": 267,
    "name": "Lincoln, Nebraska",
    "lng": -96.6666667,
    "lat": 40.8
  },
  {
    "order": 268,
    "name": "Sioux Falls, South Dakota",
    "lng": -96.7,
    "lat": 43.55
  },
  {
    "order": 269,
    "name": "Pierre, South Dakota",
    "lng": -100.3505556,
    "lat": 44.3683333
  },
  {
    "order": 270,
    "name": "Minneapolis, Minnesota",
    "lng": -93.2636111,
    "lat": 44.98
  },
  {
    "order": 271,
    "name": "Duluth, Minnesota",
    "lng": -92.1063889,
    "lat": 46.7833333
  },
  {
    "order": 272,
    "name": "Dryden, Ontario",
    "lng": -92.833333,
    "lat": 49.783333
  },
  {
    "order": 273,
    "name": "Winnipeg, Manitoba",
    "lng": -97.166667,
    "lat": 49.883333
  },
  {
    "order": 274,
    "name": "Thompson, Manitoba",
    "lng": -97.866667,
    "lat": 55.75
  },
  {
    "order": 275,
    "name": "Brandon, Manitoba",
    "lng": -99.95,
    "lat": 49.833333
  },
  {
    "order": 276,
    "name": "Fargo, North Dakota",
    "lng": -96.7894444,
    "lat": 46.8772222
  },
  {
    "order": 277,
    "name": "Bismarck, North Dakota",
    "lng": -100.7833333,
    "lat": 46.8083333
  },
  {
    "order": 278,
    "name": "Casper, Wyoming",
    "lng": -106.3125,
    "lat": 42.8666667
  },
  {
    "order": 279,
    "name": "Chyenne, Wyoming",
    "lng": -104.8197222,
    "lat": 41.14
  },
  {
    "order": 280,
    "name": "Colorado Springs, Colorado",
    "lng": -104.8208333,
    "lat": 38.8338889
  },
  {
    "order": 281,
    "name": "Durango, Colorado",
    "lng": -107.8794444,
    "lat": 37.2752778
  },
  {
    "order": 282,
    "name": "Albuquerque, New Mexico",
    "lng": -106.6505556,
    "lat": 35.0844444
  },
  {
    "order": 283,
    "name": "Flagstaff, Arizona",
    "lng": -111.6505556,
    "lat": 35.1980556
  },
  {
    "order": 284,
    "name": "Tucson, Arizona",
    "lng": -110.9258333,
    "lat": 32.2216667
  },
  {
    "order": 285,
    "name": "Hermosillo, Mexico",
    "lng": -110.966667,
    "lat": 29.066667
  },
  {
    "order": 286,
    "name": "Cabo San Lucas, Mexico",
    "lng": -109.9,
    "lat": 22.883333
  },
  {
    "order": 287,
    "name": "San Diego, California",
    "lng": -117.1563889,
    "lat": 32.7152778
  },
  {
    "order": 288,
    "name": "Los Angeles, California",
    "lng": -118.2427778,
    "lat": 34.0522222
  },
  {
    "order": 289,
    "name": "Bakersfield, California",
    "lng": -119.0177778,
    "lat": 35.3733333
  },
  {
    "order": 290,
    "name": "Las Vegas, Nevada",
    "lng": -115.1363889,
    "lat": 36.175
  },
  {
    "order": 291,
    "name": "St. George, Utah",
    "lng": -113.5833333,
    "lat": 37.1041667
  },
  {
    "order": 292,
    "name": "Salt Lake City, Utah",
    "lng": -111.8902778,
    "lat": 40.7608333
  },
  {
    "order": 293,
    "name": "Pocatello, Idaho",
    "lng": -112.4447222,
    "lat": 42.8713889
  },
  {
    "order": 294,
    "name": "Boise, Idaho",
    "lng": -116.2377778,
    "lat": 43.61361111
  },
  {
    "order": 295,
    "name": "Billings, Montana",
    "lng": -108.5,
    "lat": 45.7833333
  },
  {
    "order": 296,
    "name": "Regina, Saskatchewan",
    "lng": -104.616667,
    "lat": 50.45
  },
  {
    "order": 297,
    "name": "Prince Albert, Saskatchewan",
    "lng": -105.75,
    "lat": 53.2
  },
  {
    "order": 298,
    "name": "Rankin Inlet, Nunavut",
    "lng": -92.09944444,
    "lat": 62.80972222
  },
  {
    "order": 299,
    "name": "Yellowknife, Northwest Territories",
    "lng": -114.35,
    "lat": 62.45
  },
  {
    "order": 300,
    "name": "Grande Prairie, Alberta",
    "lng": -118.8,
    "lat": 55.166667
  },
  {
    "order": 301,
    "name": "Edmonton, Alberta",
    "lng": -113.5,
    "lat": 53.55
  },
  {
    "order": 302,
    "name": "Calgary, Alberta",
    "lng": -114.083333,
    "lat": 51.083333
  },
  {
    "order": 303,
    "name": "Medicine Hat, Alberta",
    "lng": -110.683333,
    "lat": 50.033333
  },
  {
    "order": 304,
    "name": "Helena, Montana",
    "lng": -112.0352778,
    "lat": 46.5927778
  },
  {
    "order": 305,
    "name": "Spokane, Washington",
    "lng": -117.425,
    "lat": 47.6588889
  },
  {
    "order": 306,
    "name": "Fresno, California",
    "lng": -119.7713889,
    "lat": 36.7477778
  },
  {
    "order": 307,
    "name": "San Francisco, California",
    "lng": -122.4183333,
    "lat": 37.775
  },
  {
    "order": 308,
    "name": "Reno, Nevada",
    "lng": -119.8127778,
    "lat": 39.5297222
  },
  {
    "order": 309,
    "name": "Eureka, California",
    "lng": -124.1625,
    "lat": 40.8022222
  },
  {
    "order": 310,
    "name": "Medford, Oregon",
    "lng": -122.8744444,
    "lat": 42.3266667
  },
  {
    "order": 311,
    "name": "Bend, Oregon",
    "lng": -121.3141667,
    "lat": 44.0583333
  },
  {
    "order": 312,
    "name": "Portland, Oregon",
    "lng": -122.675,
    "lat": 45.5236111
  },
  {
    "order": 313,
    "name": "Seattle, Washington",
    "lng": -122.3308333,
    "lat": 47.6063889
  },
  {
    "order": 314,
    "name": "Victoria, British Columbia",
    "lng": -123.35,
    "lat": 48.433333
  },
  {
    "order": 315,
    "name": "Vancouver, British Columbia",
    "lng": -123.133333,
    "lat": 49.25
  },
  {
    "order": 316,
    "name": "Kelowna, British Columbia",
    "lng": -119.483333,
    "lat": 49.9
  },
  {
    "order": 317,
    "name": "Prince George, British Columbia",
    "lng": -122.766667,
    "lat": 53.916667
  },
  {
    "order": 318,
    "name": "Ketchnikan, Alaska",
    "lng": -131.6461111,
    "lat": 55.3422222
  },
  {
    "order": 319,
    "name": "Juneau, Alaska",
    "lng": -134.4197222,
    "lat": 58.3019444
  },
  {
    "order": 320,
    "name": "Whitehorse, Yukon",
    "lng": -135.05,
    "lat": 60.716667
  },
  {
    "order": 321,
    "name": "Anchorage, Alaska",
    "lng": -149.9002778,
    "lat": 61.2180556
  },
  {
    "order": 322,
    "name": "Bethel, Alaska",
    "lng": -161.7558333,
    "lat": 60.7922222
  },
  {
    "order": 323,
    "name": "Nome, Alaska",
    "lng": -165.4063889,
    "lat": 64.5011111
  },
  {
    "order": 324,
    "name": "Barrow, Alaska",
    "lng": -156.7886111,
    "lat": 71.2905556
  },
  {
    "order": 325,
    "name": "Inuvik, Northwest Territories",
    "lng": -133.7,
    "lat": 68.35
  },
  {
    "order": 326,
    "name": "Kailua-Kona, Hawaii",
    "lng": -157.7394444,
    "lat": 21.4022222
  },
  {
    "order": 327,
    "name": "Honolulu, Hawaii",
    "lng": -157.8583333,
    "lat": 21.3069444
  },
  {
    "order": 328,
    "name": "Lihue, Hawaii",
    "lng": -159.3711111,
    "lat": 21.9811111
  },
  {
    "order": 329,
    "name": "South Tarawa, Kiribati",
    "lng": 172.9666667,
    "lat": 1.3166667
  },
  {
    "order": 330,
    "name": "Papeete, French Polynesia",
    "lng": -149.5666667,
    "lat": -17.5333333
  },
  {
    "order": 331,
    "name": "Avarua, Cook Islands",
    "lng": -159.775,
    "lat": -21.2077778
  },
  {
    "order": 332,
    "name": "Adamstown, Pitcairn Islands",
    "lng": -130.1,
    "lat": -25.06666667
  },
  {
    "order": 333,
    "name": "The North Pole",
    "lng": 135.0000,
    "lat": 90
  }
]
